"","Row.names","log2FoldChange","lfcSE","stat","pvalue","padj","ensembl_gene_id","external_gene_name","description","chromosome_name","start_position","end_position","strand","gene_biotype"
"1","ENSMUSG00000000031",-3.88565439663633,1.37258169611855,-2.83090937874544,0.00464158698416226,0.0401749345333295,"ENSMUSG00000000031","H19","H19, imprinted maternally expressed transcript [Source:MGI Symbol;Acc:MGI:95891]","7",142575529,142578143,-1,"lincRNA"
"2","ENSMUSG00000013562",-3.78696898923549,1.43864489709009,-2.63231670087267,0.00848047700120808,0.0601177372693002,"ENSMUSG00000013562","4833413E03Rik","RIKEN cDNA 4833413E03 gene [Source:MGI Symbol;Acc:MGI:1925354]","17",31557126,31559113,1,"lincRNA"
"3","ENSMUSG00000025644",-2.40911881408704,0.466565296544794,-5.16351908709899,2.42349856501551e-07,1.60020148107167e-05,"ENSMUSG00000025644","Gm7628","predicted gene 7628 [Source:MGI Symbol;Acc:MGI:3643956]","9",109093844,109097796,-1,"antisense"
"4","ENSMUSG00000031736",-4.34632531768076,1.39089889955025,-3.12483194794831,0.00177906665831424,0.0199583643075933,"ENSMUSG00000031736","Crnde","colorectal neoplasia differentially expressed (non-protein coding) [Source:MGI Symbol;Acc:MGI:1918546]","8",92326033,92356120,-1,"processed_transcript"
"5","ENSMUSG00000038491",2.74988364309988,0.458191352953039,6.00160527992706,1.95376195447101e-09,2.25757193839126e-07,"ENSMUSG00000038491","Cdk19os","cyclin-dependent kinase 19, opposite strand [Source:MGI Symbol;Acc:MGI:1914837]","10",40348508,40350103,-1,"antisense"
"6","ENSMUSG00000039798",2.6613435118998,0.660214140146044,4.03103076724636,5.55327728480996e-05,0.00152781235776141,"ENSMUSG00000039798","2600006K01Rik","RIKEN cDNA 2600006K01 gene [Source:MGI Symbol;Acc:MGI:1917569]","2",29868723,29870317,-1,"antisense"
"7","ENSMUSG00000040705",3.06140823197925,1.15203982185195,2.65738056437833,0.00787504890585075,0.0570509028884673,"ENSMUSG00000040705","A930016O22Rik","RIKEN cDNA A930016O22 gene [Source:MGI Symbol;Acc:MGI:3605623]","7",19417466,19421417,-1,"antisense"
"8","ENSMUSG00000044471",2.87520938756271,0.983157202488339,2.9244655689707,0.00345048249247184,0.0332252710004268,"ENSMUSG00000044471","Lncpint","long non-protein coding RNA, Trp53 induced transcript [Source:MGI Symbol;Acc:MGI:2673128]","6",31082565,31220488,-1,"lincRNA"
"9","ENSMUSG00000044867",-4.23237394563791,1.10265873523895,-3.83833529847361,0.000123871258847171,0.00279600865544108,"ENSMUSG00000044867","Gimap1os","GTPase, IMAP family member 1, opposite strand [Source:MGI Symbol;Acc:MGI:3781523]","6",48738346,48741444,-1,"processed_transcript"
"10","ENSMUSG00000045231",-3.92320794965337,0.871390148930107,-4.50224041948407,6.72408556393418e-06,0.000250634866745998,"ENSMUSG00000045231","BC106179","cDNA sequence BC106179 [Source:MGI Symbol;Acc:MGI:3702726]","16",23220656,23225484,-1,"processed_transcript"
"11","ENSMUSG00000052143",2.49975254820562,0.826988176923873,3.02271860464062,0.00250515071384506,0.0253921197355085,"ENSMUSG00000052143","Gm9869","predicted gene 9869 [Source:MGI Symbol;Acc:MGI:3642719]","9",60821552,60838200,-1,"antisense"
"12","ENSMUSG00000053214",-2.78092619974618,1.06081421408586,-2.62150163791179,0.00875433416545655,0.0613904851679986,"ENSMUSG00000053214","Gm9899","predicted gene 9899 [Source:MGI Symbol;Acc:MGI:3708711]","5",30573987,30588619,-1,"processed_transcript"
"13","ENSMUSG00000053615",-2.90485859520787,0.926141901638792,-3.1365156787181,0.00170968295174988,0.0193680259877155,"ENSMUSG00000053615","Gm9913","predicted gene 9913 [Source:MGI Symbol;Acc:MGI:3642395]","2",125505089,125507881,1,"antisense"
"14","ENSMUSG00000054493",2.25356874787319,0.800931895935373,2.81368335973353,0.00489774451734302,0.0415902772076053,"ENSMUSG00000054493","Gm9947","predicted gene 9947 [Source:MGI Symbol;Acc:MGI:3642739]","1",14752937,14776931,1,"antisense"
"15","ENSMUSG00000054910",4.3656234473546,1.5992635301579,2.72977115092693,0.00633783048372563,0.0496499194843727,"ENSMUSG00000054910","4931415C17Rik","RIKEN cDNA 4931415C17 gene [Source:MGI Symbol;Acc:MGI:1918216]","8",12672186,12679229,1,"processed_transcript"
"16","ENSMUSG00000057802",3.18425259063083,1.21488272571361,2.6210370130668,0.00876627438573757,0.0613904851679986,"ENSMUSG00000057802","Gm10030","predicted gene 10030 [Source:MGI Symbol;Acc:MGI:3641798]","9",110989499,111008029,1,"processed_transcript"
"17","ENSMUSG00000057913",-4.79391839413081,1.20053394184149,-3.99315523455959,6.51998527583661e-05,0.00169879653622016,"ENSMUSG00000057913","Gm10032","predicted gene 10032 [Source:MGI Symbol;Acc:MGI:3642901]","14",66784480,66793758,1,"lincRNA"
"18","ENSMUSG00000060380",2.16678674638886,0.500432297455852,4.32982994383975,1.49224533325352e-05,0.000478969300715124,"ENSMUSG00000060380","C030014I23Rik","RIKEN cDNA C030014I23 gene [Source:MGI Symbol;Acc:MGI:1924631]","9",44468344,44482180,1,"lincRNA"
"19","ENSMUSG00000066057",-2.95862298639993,0.859148451414619,-3.44366911390977,0.000573877566392692,0.00908377435570899,"ENSMUSG00000066057","Gm1976","predicted gene 1976 [Source:MGI Symbol;Acc:MGI:3780145]","17",94759944,94834799,-1,"processed_transcript"
"20","ENSMUSG00000067973",-3.56957397656508,1.11816672327119,-3.19234502536644,0.0014112265087704,0.0170751018940753,"ENSMUSG00000067973","Gm6994","predicted gene 6994 [Source:MGI Symbol;Acc:MGI:3647788]","14",77479483,77506868,-1,"antisense"
"21","ENSMUSG00000072591",2.28010857212991,0.872989052599778,2.61184096792474,0.00900561352641012,0.0628279888161257,"ENSMUSG00000072591","Fzd10os","frizzled class receptor 10, opposite strand [Source:MGI Symbol;Acc:MGI:2442398]","5",128579106,128600693,-1,"lincRNA"
"22","ENSMUSG00000073529",-2.09349757681668,0.578004566730108,-3.62193950933646,0.000292402504246873,0.00536303323265495,"ENSMUSG00000073529","F830208F22Rik","RIKEN cDNA F830208F22 gene [Source:MGI Symbol;Acc:MGI:3588261]","18",77793259,77796743,-1,"processed_transcript"
"23","ENSMUSG00000073652",2.5075049289962,0.985160969177378,2.54527433327977,0.010919191620412,0.0715468215861047,"ENSMUSG00000073652","Apol7d","apolipoprotein L 7d [Source:MGI Symbol;Acc:MGI:3723449]","1",71652837,71662843,1,"antisense"
"24","ENSMUSG00000073679",3.83676234386026,1.36171534470444,2.81759499794212,0.00483847989051728,0.0412609853394296,"ENSMUSG00000073679","Mxra8os","matrix-remodelling associated 8, opposite strand [Source:MGI Symbol;Acc:MGI:3704241]","4",155839492,155840178,-1,"antisense"
"25","ENSMUSG00000073739",-4.41786126230075,1.34436531472335,-3.28620592477118,0.00101546743941923,0.0133585621797541,"ENSMUSG00000073739","Gm16287","predicted gene 16287 [Source:MGI Symbol;Acc:MGI:3650322]","4",139175405,139180655,-1,"antisense"
"26","ENSMUSG00000073752",-5.22351903339687,1.5451513810453,-3.38058723402437,0.000723311109048267,0.0103183455124108,"ENSMUSG00000073752","Gm10570","predicted gene 10570 [Source:MGI Symbol;Acc:MGI:3642427]","4",130306556,130308674,-1,"antisense"
"27","ENSMUSG00000073821",-3.01789688342045,1.06542261986414,-2.83258195119349,0.0046173728669675,0.0401155965998568,"ENSMUSG00000073821","8030451A03Rik","RIKEN cDNA 8030451A03 gene [Source:MGI Symbol;Acc:MGI:1915353]","4",63979854,64149924,1,"processed_transcript"
"28","ENSMUSG00000074178",-2.6908499656116,0.495166590138547,-5.4342316691009,5.50330430592315e-08,4.61738394754497e-06,"ENSMUSG00000074178","Gm10638","predicted gene 10638 [Source:MGI Symbol;Acc:MGI:3704316]","8",86745453,86748655,1,"antisense"
"29","ENSMUSG00000074357",-2.08289000605862,0.87509168177939,-2.38019632619902,0.0173034164139612,0.0987362847720109,"ENSMUSG00000074357","AA386476","expressed sequence AA386476 [Source:MGI Symbol;Acc:MGI:3034595]","8",47675391,47685239,1,"bidirectional_promoter_lncRNA"
"30","ENSMUSG00000074385",-2.69965801396281,1.09001632458562,-2.47671337857175,0.0132598338263522,0.0821540910796243,"ENSMUSG00000074385","Gm10684","predicted gene 10684 [Source:MGI Symbol;Acc:MGI:3641851]","9",45107176,45135606,-1,"lincRNA"
"31","ENSMUSG00000074517",3.63282132297018,1.47534206133411,2.46235867476395,0.0138026557337922,0.0841760248152055,"ENSMUSG00000074517","Gm10710","predicted gene 10710 [Source:MGI Symbol;Acc:MGI:3642896]","3",83125276,83129246,-1,"lincRNA"
"32","ENSMUSG00000074753",-4.35546219240947,1.42457221913963,-3.05738251377663,0.00223279149075162,0.0232733012225392,"ENSMUSG00000074753","Gm14092","predicted gene 14092 [Source:MGI Symbol;Acc:MGI:3651965]","2",145550652,145554982,-1,"antisense"
"33","ENSMUSG00000075010",3.13299077631962,0.693741818038244,4.51607600242271,6.29960625756055e-06,0.000242639834353707,"ENSMUSG00000075010","AW112010","expressed sequence AW112010 [Source:MGI Symbol;Acc:MGI:2147706]","19",11047612,11055808,-1,"lincRNA"
"34","ENSMUSG00000075277",4.92068765385673,1.83382373164129,2.68329369336532,0.00729009385760591,0.0538255811659018,"ENSMUSG00000075277","Haglr","Hoxd antisense growth associated long non-coding RNA [Source:MGI Symbol;Acc:MGI:3026978]","2",74748422,74762896,-1,"bidirectional_promoter_lncRNA"
"35","ENSMUSG00000078122",-3.99481337459037,1.64898518156838,-2.42258900761669,0.0154103501265403,0.0908724836904777,"ENSMUSG00000078122","F630028O10Rik","RIKEN cDNA F630028O10 gene [Source:MGI Symbol;Acc:MGI:3641813]","X",96239926,96243636,1,"antisense"
"36","ENSMUSG00000079045",-2.40231188578915,0.610056259671024,-3.93785302208784,8.22139251754794e-05,0.00197912896958888,"ENSMUSG00000079045","Prox1os","prospero homeobox 1, opposite strand [Source:MGI Symbol;Acc:MGI:4937200]","1",190170296,190217276,1,"antisense"
"37","ENSMUSG00000079467",-2.37638706077877,0.468049341672554,-5.07721483441652,3.83007725581999e-07,2.45869681616667e-05,"ENSMUSG00000079467","Gm14966","predicted gene 14966 [Source:MGI Symbol;Acc:MGI:3705223]","19",6355522,6363759,-1,"antisense"
"38","ENSMUSG00000084783",3.97240289205705,1.06712972101336,3.72251171889844,0.00019725075073711,0.00389612380302104,"ENSMUSG00000084783","Gm15419","predicted gene 15419 [Source:MGI Symbol;Acc:MGI:3705320]","8",11399186,11417892,-1,"antisense"
"39","ENSMUSG00000084790",-5.67890523747644,1.64291167594108,-3.45661018826438,0.000547015516278664,0.00877883929249995,"ENSMUSG00000084790","Gm15879","predicted gene 15879 [Source:MGI Symbol;Acc:MGI:3802012]","16",4032839,4037847,-1,"antisense"
"40","ENSMUSG00000084884",-2.98352306996943,1.02128445184283,-2.9213438671135,0.00348524916750724,0.0332826893640878,"ENSMUSG00000084884","Gm12289","predicted gene 12289 [Source:MGI Symbol;Acc:MGI:3649419]","11",64012615,64015224,1,"antisense"
"41","ENSMUSG00000084908",-4.56857782512168,1.21837683026818,-3.74972480732096,0.000177028734068612,0.00355750786463097,"ENSMUSG00000084908","C79798","expressed sequence C79798 [Source:MGI Symbol;Acc:MGI:2139494]","2",34287771,34304440,1,"antisense"
"42","ENSMUSG00000084968",-2.86420481529121,0.876509887106231,-3.26773817092616,0.00108410607565851,0.0138418184577173,"ENSMUSG00000084968","Gm12743","predicted gene 12743 [Source:MGI Symbol;Acc:MGI:3651449]","4",108592425,108619849,-1,"processed_transcript"
"43","ENSMUSG00000085068",-2.90525955072019,0.708909415111902,-4.09820985416253,4.16357721006334e-05,0.00117341791859224,"ENSMUSG00000085068","Gm15895","predicted gene 15895 [Source:MGI Symbol;Acc:MGI:3802071]","8",110805638,110807477,1,"antisense"
"44","ENSMUSG00000085071",3.99662124879784,1.28336225372566,3.11418014453476,0.00184456831462737,0.0203961596894921,"ENSMUSG00000085071","Gm14066","predicted gene 14066 [Source:MGI Symbol;Acc:MGI:3649728]","2",139256876,139677714,-1,"processed_transcript"
"45","ENSMUSG00000085083",-3.52196677738155,0.50905381041211,-6.91865320589646,4.55957513373272e-12,9.5792528491421e-10,"ENSMUSG00000085083","Gm11615","predicted gene 11615 [Source:MGI Symbol;Acc:MGI:3652280]","11",101264762,101266303,-1,"antisense"
"46","ENSMUSG00000085089",-3.21949459019536,1.05626895049837,-3.04798753071019,0.00230379486699515,0.0236625330561146,"ENSMUSG00000085089","Arhgap15os","Rho GTPase activating protein 15, opposite strand [Source:MGI Symbol;Acc:MGI:2444930]","2",44059238,44065324,-1,"antisense"
"47","ENSMUSG00000085091",-3.91442663362545,1.10469210495302,-3.54345488310691,0.000394920876615863,0.00666176748802379,"ENSMUSG00000085091","Egfros","epidermal growth factor receptor, opposite strand [Source:MGI Symbol;Acc:MGI:2443051]","11",16815431,16830702,-1,"antisense"
"48","ENSMUSG00000085129",-3.54883975413222,1.37426613992042,-2.58235261063605,0.00981292673455256,0.0665034418872462,"ENSMUSG00000085129","5031425F14Rik","RIKEN cDNA 5031425F14 gene [Source:MGI Symbol;Acc:MGI:2442533]","2",166447451,166459232,1,"lincRNA"
"49","ENSMUSG00000085154",-2.52698475793318,0.879503182255205,-2.87319569606733,0.00406342326211366,0.0365391873881115,"ENSMUSG00000085154","C130046K22Rik","RIKEN cDNA C130046K22 gene [Source:MGI Symbol;Acc:MGI:3026935]","11",103697724,103722832,1,"processed_transcript"
"50","ENSMUSG00000085177",-4.3972041427632,1.78580808332471,-2.4623049832862,0.0138047223734154,0.0841760248152055,"ENSMUSG00000085177","Gm11209","predicted gene 11209 [Source:MGI Symbol;Acc:MGI:3650632]","4",62627677,62633712,-1,"antisense"
"51","ENSMUSG00000085196",-3.95426070107652,1.2418307428129,-3.18421872220657,0.00145145295296802,0.0172998745055229,"ENSMUSG00000085196","Gm14963","predicted gene 14963 [Source:MGI Symbol;Acc:MGI:3705162]","19",6268795,6276605,-1,"lincRNA"
"52","ENSMUSG00000085245",-3.72308038137859,0.98688371730543,-3.77256237598491,0.000161579553597893,0.00339463953058845,"ENSMUSG00000085245","Gm11713","predicted gene 11713 [Source:MGI Symbol;Acc:MGI:3652139]","11",107410390,107413549,1,"antisense"
"53","ENSMUSG00000085280",3.7750279719876,1.52482114874076,2.47571852941909,0.0132968360220424,0.0821630696442244,"ENSMUSG00000085280","Gm16151","predicted gene 16151 [Source:MGI Symbol;Acc:MGI:3801826]","1",38307902,38311930,1,"antisense"
"54","ENSMUSG00000085287",-2.10032904609653,0.843931772803145,-2.48874270857255,0.0128195702316499,0.0805055076232145,"ENSMUSG00000085287","4833418N02Rik","RIKEN cDNA 4833418N02 gene [Source:MGI Symbol;Acc:MGI:1921847]","17",87274886,87282814,-1,"processed_transcript"
"55","ENSMUSG00000085289",-2.34340311443538,0.746433969496338,-3.13946472186496,0.00169256792826124,0.0193680259877155,"ENSMUSG00000085289","Gm15337","predicted gene 15337 [Source:MGI Symbol;Acc:MGI:3705103]","18",39367038,39389425,-1,"antisense"
"56","ENSMUSG00000085297",4.42157317178741,0.673170224462066,6.56828393638581,5.08984180809174e-11,8.40187458464287e-09,"ENSMUSG00000085297","Gm11651","predicted gene 11651 [Source:MGI Symbol;Acc:MGI:3651203]","11",105965608,105985694,-1,"antisense"
"57","ENSMUSG00000085424",3.28195485507192,1.32660313647725,2.47395378831008,0.0133626980180897,0.0823498536528138,"ENSMUSG00000085424","Fhad1os1","forkhead-associated (FHA) phosphopeptide binding domain 1, opposite strand 1 [Source:MGI Symbol;Acc:MGI:3649995]","4",141982992,141986797,1,"antisense"
"58","ENSMUSG00000085434",2.17035759208842,0.69649330806996,3.11612124185752,0.00183246914510616,0.020359789395867,"ENSMUSG00000085434","Gm11725","predicted gene 11725 [Source:MGI Symbol;Acc:MGI:3649385]","11",117871250,117887416,1,"antisense"
"59","ENSMUSG00000085439",-3.04862214822396,0.907644533815217,-3.3588283018786,0.0007827368398997,0.0108970170904109,"ENSMUSG00000085439","Rapgef4os1","Rap guanine nucleotide exchange factor (GEF) 4, opposite strand 1 [Source:MGI Symbol;Acc:MGI:3649714]","2",72097603,72148796,-1,"antisense"
"60","ENSMUSG00000085516",-4.93355866734748,1.01101200379829,-4.87982204841535,1.06181603927143e-06,5.98501674818606e-05,"ENSMUSG00000085516","4930538E20Rik","RIKEN cDNA 4930538E20 gene [Source:MGI Symbol;Acc:MGI:1925450]","11",24160528,24172824,-1,"antisense"
"61","ENSMUSG00000085533",-5.14567596177958,1.28445863963092,-4.00610483126041,6.17282611870899e-05,0.0016397012827973,"ENSMUSG00000085533","Gm12146","predicted gene 12146 [Source:MGI Symbol;Acc:MGI:3649687]","11",43197424,43259784,-1,"antisense"
"62","ENSMUSG00000085596",-3.83043378332833,1.3567010744039,-2.82334395954638,0.00475255541559624,0.0408295745927246,"ENSMUSG00000085596","Gm11476","predicted gene 11476 [Source:MGI Symbol;Acc:MGI:3705135]","2",167553314,167607845,1,"processed_transcript"
"63","ENSMUSG00000085599",3.82566758257381,1.47243857062042,2.59818484716945,0.00937180289115024,0.0646248478831249,"ENSMUSG00000085599","Gm13449","predicted gene 13449 [Source:MGI Symbol;Acc:MGI:3651453]","2",34993973,35013446,1,"antisense"
"64","ENSMUSG00000085645",4.92282255594678,1.97128658238668,2.49726376668512,0.0125155824049173,0.0792424957199013,"ENSMUSG00000085645","Hoxb5os","homeobox B5 and homeobox B6, opposite strand [Source:MGI Symbol;Acc:MGI:1922645]","11",96291024,96306910,-1,"antisense"
"65","ENSMUSG00000085649",-7.84657357017541,0.727000053039355,-10.7930852788406,3.71117321542324e-27,4.28826065042156e-24,"ENSMUSG00000085649","A730032A03Rik","RIKEN cDNA A730032A03 gene [Source:MGI Symbol;Acc:MGI:2444311]","2",164177584,164196564,1,"antisense"
"66","ENSMUSG00000085651",-3.70825065045412,0.793858100858257,-4.6711756754073,2.99480666745838e-06,0.000128166633490672,"ENSMUSG00000085651","Gm11695","predicted gene 11695 [Source:MGI Symbol;Acc:MGI:3649841]","11",115462045,115463454,-1,"antisense"
"67","ENSMUSG00000085708",2.95629850989865,1.19875713444111,2.46613632149681,0.0136579343598567,0.0837227753464954,"ENSMUSG00000085708","Gm16063","predicted gene 16063 [Source:MGI Symbol;Acc:MGI:3801955]","5",119625942,119634464,1,"lincRNA"
"68","ENSMUSG00000085725",-2.82438382438384,0.513358521565581,-5.50177645005359,3.75983495239346e-08,3.47559142999252e-06,"ENSMUSG00000085725","Gm15873","predicted gene 15873 [Source:MGI Symbol;Acc:MGI:3802055]","7",4526536,4530575,1,"antisense"
"69","ENSMUSG00000085784",6.04390235598793,1.31263356743326,4.6044094147358,4.13638011682363e-06,0.00016770481491192,"ENSMUSG00000085784","Gm12158","predicted gene 12158 [Source:MGI Symbol;Acc:MGI:3649487]","11",44659522,44662676,-1,"antisense"
"70","ENSMUSG00000085837",-3.83725054908783,1.28547809732862,-2.98507656961413,0.00283507347065269,0.0283630077518544,"ENSMUSG00000085837","Kcnmb4os2","potassium large conductance calcium-activated channel, subfamily M, beta member 4, opposite strand 2 [Source:MGI Symbol;Acc:MGI:1918263]","10",116473163,116475319,1,"antisense"
"71","ENSMUSG00000085838",-2.29816421772016,0.76470473449812,-3.00529618039891,0.00265322350918726,0.0267755437979553,"ENSMUSG00000085838","Chn1os1","chimerin 1, opposite strand 1 [Source:MGI Symbol;Acc:MGI:3702041]","2",73658270,73660263,1,"antisense"
"72","ENSMUSG00000085839",3.09353843940208,1.24896137125076,2.47688880585963,0.0132533184728314,0.0821540910796243,"ENSMUSG00000085839","Gm15949","predicted gene 15949 [Source:MGI Symbol;Acc:MGI:3801730]","5",66985091,66985641,-1,"antisense"
"73","ENSMUSG00000085860",-4.9246384738325,1.98122251465798,-2.48565642546347,0.0129312742445458,0.0809869235207191,"ENSMUSG00000085860","2410003L11Rik","RIKEN cDNA 2410003L11 gene [Source:MGI Symbol;Acc:MGI:1916979]","11",97598511,97622893,1,"processed_transcript"
"74","ENSMUSG00000085895",-4.08358871663115,1.55043310771799,-2.63383740730459,0.00844259060546129,0.0600333135052955,"ENSMUSG00000085895","Gm12861","predicted gene 12861 [Source:MGI Symbol;Acc:MGI:3651891]","4",118971297,118999458,1,"processed_transcript"
"75","ENSMUSG00000085918",3.88671441309305,1.05132432288454,3.69696993448129,0.00021818817128729,0.0042731598630926,"ENSMUSG00000085918","Gm13032","predicted gene 13032 [Source:MGI Symbol;Acc:MGI:3702685]","4",140810993,140817511,1,"processed_transcript"
"76","ENSMUSG00000085944",-2.13606856228671,0.697306853479415,-3.06331215823876,0.00218901584939717,0.022994616490713,"ENSMUSG00000085944","1700003D09Rik","RIKEN cDNA 1700003D09 gene [Source:MGI Symbol;Acc:MGI:1916588]","11",98350718,98358283,-1,"processed_transcript"
"77","ENSMUSG00000085995",-3.73301214655476,0.797454690861775,-4.6811589289426,2.85257679339904e-06,0.000124383112632928,"ENSMUSG00000085995","Gm2788","predicted gene 2788 [Source:MGI Symbol;Acc:MGI:3780956]","7",48877958,48913040,1,"processed_transcript"
"78","ENSMUSG00000086052",-8.42109997289722,1.07897497097733,-7.80472225900613,5.96327256300899e-15,1.84560700250865e-12,"ENSMUSG00000086052","Gm11802","predicted gene 11802 [Source:MGI Symbol;Acc:MGI:3650651]","4",6688169,6704160,1,"antisense"
"79","ENSMUSG00000086111",4.26037780747281,1.71897997723149,2.47843364315062,0.0131960654491089,0.0821540910796243,"ENSMUSG00000086111","Gm15326","predicted gene 15326 [Source:MGI Symbol;Acc:MGI:3705205]","13",111867936,111874730,1,"lincRNA"
"80","ENSMUSG00000086150",-2.28117691069242,0.680264226944811,-3.35336891216167,0.000798342204693062,0.0109737818592393,"ENSMUSG00000086150","Bach2os","BTB and CNC homology 2, opposite strand [Source:MGI Symbol;Acc:MGI:3041246]","4",32559680,32571708,-1,"antisense"
"81","ENSMUSG00000086155",-3.48473349528322,1.38357221978691,-2.51864951134964,0.011780585684101,0.0762114818130697,"ENSMUSG00000086155","9430041J12Rik","RIKEN cDNA 9430041J12 gene [Source:MGI Symbol;Acc:MGI:1924573]","7",4074125,4120728,-1,"antisense"
"82","ENSMUSG00000086170",-6.38693100670837,1.22126569615826,-5.22976370072438,1.6972684210527e-07,1.18860221850084e-05,"ENSMUSG00000086170","Gm12144","predicted gene 12144 [Source:MGI Symbol;Acc:MGI:3649685]","11",43229563,43232264,-1,"antisense"
"83","ENSMUSG00000086181",2.78374699075053,0.934348763357926,2.97934465150477,0.00288865663349556,0.0287745063793459,"ENSMUSG00000086181","C230034O21Rik","RIKEN cDNA C230034O21 gene [Source:MGI Symbol;Acc:MGI:2441892]","3",38874570,38888259,-1,"antisense"
"84","ENSMUSG00000086231",-2.3772710831745,0.864497154216186,-2.74988884761558,0.00596154832140768,0.047572051922985,"ENSMUSG00000086231","Rapgef4os3","Rap guanine nucleotide exchange factor (GEF) 4, opposite strand 3 [Source:MGI Symbol;Acc:MGI:2442080]","2",72244965,72248975,-1,"antisense"
"85","ENSMUSG00000086266",-7.79364312931144,1.44069659300572,-5.40963528833757,6.31532277128362e-08,5.03265893946084e-06,"ENSMUSG00000086266","Igf2os","insulin-like growth factor 2, opposite strand [Source:MGI Symbol;Acc:MGI:1195257]","7",142659693,142670356,1,"antisense"
"86","ENSMUSG00000086312",-2.6816799505353,0.777090002525605,-3.45092581531048,0.000558667107514156,0.00890399783079458,"ENSMUSG00000086312","Gm15336","predicted gene 15336 [Source:MGI Symbol;Acc:MGI:3705096]","18",39246247,39302690,-1,"antisense"
"87","ENSMUSG00000086315",-5.16194712143567,1.78536418566422,-2.89125723641379,0.00383703910206723,0.0351880847812594,"ENSMUSG00000086315","Arl4aos","ADP-ribosylation factor-like 4A, opposite strand [Source:MGI Symbol;Acc:MGI:2151103]","12",40038099,40040027,1,"antisense"
"88","ENSMUSG00000086327",3.79272686027447,1.11120684109129,3.41316010667259,0.000642142043971919,0.00956575390378422,"ENSMUSG00000086327","Slfn5os","schlafen 5, opposite strand [Source:MGI Symbol;Acc:MGI:1923642]","11",82942341,82960681,-1,"antisense"
"89","ENSMUSG00000086368",3.74437454973618,1.40303367749154,2.66877025819558,0.0076129503955591,0.0558524709972605,"ENSMUSG00000086368","Gm13830","predicted gene 13830 [Source:MGI Symbol;Acc:MGI:3651141]","5",115301120,115319208,1,"lincRNA"
"90","ENSMUSG00000086421",-2.39992777939144,0.508934803045316,-4.71558982610537,2.41011533711755e-06,0.000111395530881573,"ENSMUSG00000086421","Gm14091","predicted gene 14091 [Source:MGI Symbol;Acc:MGI:3650488]","2",118829874,118834122,-1,"antisense"
"91","ENSMUSG00000086491",3.92908056471275,1.02755528546439,3.8237169525502,0.000131454816392702,0.00289325791127176,"ENSMUSG00000086491","Gm13291","predicted gene 13291 [Source:MGI Symbol;Acc:MGI:3649284]","2",11385003,11387064,1,"lincRNA"
"92","ENSMUSG00000086527",2.31559444389487,0.521346648981293,4.44156387773763,8.93074265269042e-06,0.000327602321751866,"ENSMUSG00000086527","Gm15856","predicted gene 15856 [Source:MGI Symbol;Acc:MGI:3801888]","6",121223692,121226153,-1,"antisense"
"93","ENSMUSG00000086575",-5.06581476077559,1.37351151657302,-3.6882215399366,0.0002258269885494,0.00438559807174507,"ENSMUSG00000086575","Gm14104","predicted gene 14104 [Source:MGI Symbol;Acc:MGI:3651500]","2",132845999,132847256,-1,"antisense"
"94","ENSMUSG00000086689",2.27079296301137,0.678778511318634,3.3454108006454,0.000821607817157273,0.0111690333261792,"ENSMUSG00000086689","Gm16876","predicted gene, 16876 [Source:MGI Symbol;Acc:MGI:4439800]","12",91684665,91693590,1,"antisense"
"95","ENSMUSG00000086741",3.52762097815725,0.940477483776673,3.75088297062827,0.000176212936945679,0.00355750786463097,"ENSMUSG00000086741","Gm15816","predicted gene 15816 [Source:MGI Symbol;Acc:MGI:3802114]","8",23138794,23149585,-1,"antisense"
"96","ENSMUSG00000086836",-2.56831689685992,0.681294092017346,-3.76976246668307,0.000163402988927295,0.00340202078748629,"ENSMUSG00000086836","Gm13748","predicted gene 13748 [Source:MGI Symbol;Acc:MGI:3702115]","1",64078654,64090782,1,"antisense"
"97","ENSMUSG00000086904",-4.96136661677075,1.38716859619014,-3.57661399659504,0.000348073563857033,0.0060939242884364,"ENSMUSG00000086904","Gm13404","predicted gene 13404 [Source:MGI Symbol;Acc:MGI:3649379]","2",33978246,33980324,1,"lincRNA"
"98","ENSMUSG00000086923",-3.44922273793234,1.30210413044595,-2.64896075304748,0.00807397073202587,0.0581275587592267,"ENSMUSG00000086923","4930406D18Rik","RIKEN cDNA 4930406D18 gene [Source:MGI Symbol;Acc:MGI:1921056]","3",100426405,100437754,1,"processed_transcript"
"99","ENSMUSG00000086937",-2.49367141662907,1.03883129880782,-2.40045849551399,0.0163745475609793,0.0958014668694259,"ENSMUSG00000086937","Gm15063","predicted gene 15063 [Source:MGI Symbol;Acc:MGI:3705169]","X",75573452,75575268,1,"antisense"
"100","ENSMUSG00000086944",-3.90199306264876,1.21649242660571,-3.20757694606962,0.00133858246781282,0.0167214274762996,"ENSMUSG00000086944","Gm15859","predicted gene 15859 [Source:MGI Symbol;Acc:MGI:3801904]","16",4729869,4730809,1,"antisense"
"101","ENSMUSG00000086946",-4.33516085165025,1.3816498760262,-3.13766962735793,0.00170296704455313,0.0193680259877155,"ENSMUSG00000086946","Gm15527","predicted gene 15527 [Source:MGI Symbol;Acc:MGI:3782974]","6",54245742,54279076,-1,"processed_transcript"
"102","ENSMUSG00000086964",3.22449072745901,1.28063209821205,2.51788997945692,0.0118060192510078,0.0762114818130697,"ENSMUSG00000086964","Gm15948","predicted gene 15948 [Source:MGI Symbol;Acc:MGI:3801731]","5",66988816,66991207,-1,"antisense"
"103","ENSMUSG00000087001",-3.32830331236592,1.39521683281164,-2.38550971726648,0.0170554717931221,0.098537988284763,"ENSMUSG00000087001","Gm15475","predicted gene 15475 [Source:MGI Symbol;Acc:MGI:3705288]","6",84093772,84107007,-1,"antisense"
"104","ENSMUSG00000087022",-3.76197507829583,1.15464472677666,-3.25812346521331,0.00112151600249296,0.0141629698456897,"ENSMUSG00000087022","9130024F11Rik","RIKEN cDNA 9130024F11 gene [Source:MGI Symbol;Acc:MGI:1926150]","1",56971412,57050084,1,"processed_transcript"
"105","ENSMUSG00000087024",-4.42214545559019,1.60881873036128,-2.74869093213327,0.00598337754966235,0.047572051922985,"ENSMUSG00000087024","B230119M05Rik","RIKEN cDNA B230119M05 gene [Source:MGI Symbol;Acc:MGI:1925233]","X",134684562,134686462,-1,"processed_transcript"
"106","ENSMUSG00000087058",3.74193622143499,1.38843680925188,2.69507131797466,0.007037356665992,0.0528027313833079,"ENSMUSG00000087058","Gm12301","predicted gene 12301 [Source:MGI Symbol;Acc:MGI:3650426]","11",67571622,67577466,-1,"antisense"
"107","ENSMUSG00000087059",-2.31779755557329,0.526949711301049,-4.39851755464598,1.08992811993877e-05,0.000375066189950592,"ENSMUSG00000087059","Gm12339","predicted gene 12339 [Source:MGI Symbol;Acc:MGI:3650628]","11",75794768,75825241,1,"processed_transcript"
"108","ENSMUSG00000087107",-4.63728894679256,1.46482664675088,-3.1657595505096,0.00154678596884599,0.0183313967897595,"ENSMUSG00000087107","AI662270","expressed sequence AI662270 [Source:MGI Symbol;Acc:MGI:2144254]","11",83223576,83226604,1,"processed_transcript"
"109","ENSMUSG00000087109",-4.13471918406236,1.0801787262338,-3.82781023514384,0.000129288372321631,0.00287293681187779,"ENSMUSG00000087109","4930474H06Rik","RIKEN cDNA 4930474H06 gene [Source:MGI Symbol;Acc:MGI:3697432]","12",71317621,71321660,-1,"processed_transcript"
"110","ENSMUSG00000087113",-3.11116195844299,0.660380604222696,-4.71116495328478,2.4630476955024e-06,0.000111609867143256,"ENSMUSG00000087113","Gm11714","predicted gene 11714 [Source:MGI Symbol;Acc:MGI:3649214]","11",107428276,107435686,1,"processed_transcript"
"111","ENSMUSG00000087135",3.97022756510291,0.978131286454796,4.05899250957698,4.92848943365435e-05,0.00137225772062352,"ENSMUSG00000087135","Gm16096","predicted gene 16096 [Source:MGI Symbol;Acc:MGI:3801985]","9",40780742,40784181,-1,"processed_transcript"
"112","ENSMUSG00000087139",-7.03570957194169,1.47939779547287,-4.7557929270084,1.97669007017945e-06,9.36992636911399e-05,"ENSMUSG00000087139","Gm11683","predicted gene 11683 [Source:MGI Symbol;Acc:MGI:3651846]","11",109797183,109802796,1,"antisense"
"113","ENSMUSG00000087200",-3.71158857895567,1.36313864910867,-2.72282543040109,0.00647262498288505,0.0503928793248108,"ENSMUSG00000087200","Lrp8os3","low density lipoprotein receptor-related protein 8, apolipoprotein e receptor, opposite strand 3 [Source:MGI Symbol;Acc:MGI:3651133]","4",107793161,107802064,-1,"bidirectional_promoter_lncRNA"
"114","ENSMUSG00000087201",2.98904918864162,0.677140467463138,4.41422324062228,1.01373309651806e-05,0.00036042110554665,"ENSMUSG00000087201","Gm15261","predicted gene 15261 [Source:MGI Symbol;Acc:MGI:3705201]","X",169037674,169106536,-1,"antisense"
"115","ENSMUSG00000087202",4.96039233302212,1.45395874319345,3.41164586426103,0.000645719432708931,0.00956575390378422,"ENSMUSG00000087202","Gm15813","predicted gene 15813 [Source:MGI Symbol;Acc:MGI:3801815]","13",43117673,43125717,-1,"antisense"
"116","ENSMUSG00000087317",3.95468451040831,1.35985485619809,2.90816662703613,0.00363554569413357,0.0341534394274093,"ENSMUSG00000087317","4930466I24Rik","RIKEN cDNA 4930466I24 gene [Source:MGI Symbol;Acc:MGI:1923066]","6",92012394,92016117,-1,"antisense"
"117","ENSMUSG00000087362",-3.87076410439987,1.58399796140617,-2.44366735230117,0.0145388248827303,0.0868197010439008,"ENSMUSG00000087362","Gm13710","predicted gene 13710 [Source:MGI Symbol;Acc:MGI:3650894]","2",84500760,84531322,-1,"lincRNA"
"118","ENSMUSG00000087380",3.24435879942489,1.07192174724105,3.02667504206844,0.00247259614295663,0.0251725536844616,"ENSMUSG00000087380","2210408F21Rik","RIKEN cDNA 2210408F21 gene [Source:MGI Symbol;Acc:MGI:1920902]","6",31220351,31337404,1,"processed_transcript"
"119","ENSMUSG00000087397",-3.28782333789398,1.28897627968805,-2.55072447003422,0.0107499273964407,0.071388167279237,"ENSMUSG00000087397","Rapgef3os2","Rap guanine nucleotide exchange factor (GEF) 3, opposite strand 2 [Source:MGI Symbol;Acc:MGI:3826581]","15",97766549,97768713,1,"antisense"
"120","ENSMUSG00000087400",2.48148389311835,0.869423321750328,2.85417222087235,0.00431491329198643,0.0384118959786422,"ENSMUSG00000087400","Gm15270","predicted gene 15270 [Source:MGI Symbol;Acc:MGI:3705149]","10",24549441,24597108,-1,"processed_transcript"
"121","ENSMUSG00000087406",-2.83953871230002,0.666836959337586,-4.25822035287414,2.06060782176688e-05,0.000634941956813767,"ENSMUSG00000087406","E130215H24Rik","RIKEN cDNA E130215H24 gene [Source:MGI Symbol;Acc:MGI:1926091]","2",150667494,150668935,1,"processed_transcript"
"122","ENSMUSG00000087411",3.86144755499361,0.7231707252939,5.33960712171293,9.31482183372436e-08,7.175517752579e-06,"ENSMUSG00000087411","Gm16048","predicted gene 16048 [Source:MGI Symbol;Acc:MGI:3801855]","3",90451583,90457095,1,"antisense"
"123","ENSMUSG00000087451",-4.81649988389864,1.21984228193583,-3.94846117012363,7.86551708071371e-05,0.00191339052352941,"ENSMUSG00000087451","Gm12970","predicted gene 12970 [Source:MGI Symbol;Acc:MGI:3650040]","4",130811617,130812326,-1,"antisense"
"124","ENSMUSG00000087464",-3.95828114886305,1.4557465691511,-2.71907297104005,0.00654651641346266,0.0503928793248108,"ENSMUSG00000087464","Gm12862","predicted gene 12862 [Source:MGI Symbol;Acc:MGI:3651209]","4",118999660,119000485,-1,"lincRNA"
"125","ENSMUSG00000087477",-3.9963446014207,1.45458456807253,-2.74741303402955,0.00600674364706862,0.047572051922985,"ENSMUSG00000087477","Gm13822","predicted gene 13822 [Source:MGI Symbol;Acc:MGI:3650351]","5",114917318,114923277,-1,"antisense"
"126","ENSMUSG00000087492",-5.01753350753178,1.06706055152016,-4.70220129530953,2.57371577017655e-06,0.000114381868170731,"ENSMUSG00000087492","Gm15700","predicted gene 15700 [Source:MGI Symbol;Acc:MGI:3783140]","7",46561301,46578201,1,"antisense"
"127","ENSMUSG00000087500",8.67184088047527,1.39278134764044,6.22627585813564,4.77652749762463e-10,6.49326767471206e-08,"ENSMUSG00000087500","Gm12426","predicted gene 12426 [Source:MGI Symbol;Acc:MGI:3650989]","4",47197487,47208459,-1,"antisense"
"128","ENSMUSG00000087518",4.24251334582729,1.3247312121302,3.20254652942406,0.00136218292642035,0.0169012012310194,"ENSMUSG00000087518","Gm13561","predicted gene 13561 [Source:MGI Symbol;Acc:MGI:3651674]","2",62357071,62470913,1,"antisense"
"129","ENSMUSG00000087581",-5.04112928821058,2.06051028018325,-2.44654410933696,0.0144233147499207,0.086802813507986,"ENSMUSG00000087581","Gm11571","predicted gene 11571 [Source:MGI Symbol;Acc:MGI:3650087]","11",100052286,100085983,1,"antisense"
"130","ENSMUSG00000087612",2.05913336849343,0.389731036479084,5.28347289735016,1.26757624080998e-07,9.15427716409958e-06,"ENSMUSG00000087612","A230005M16Rik","RIKEN cDNA A230005M16 gene [Source:MGI Symbol;Acc:MGI:3603401]","2",25705850,25709716,-1,"antisense"
"131","ENSMUSG00000087633",-2.32380833797288,0.905803367384515,-2.56546665826914,0.0103037123506529,0.0691039957400036,"ENSMUSG00000087633","Gm14455","predicted gene 14455 [Source:MGI Symbol;Acc:MGI:3711286]","2",172425804,172440560,-1,"antisense"
"132","ENSMUSG00000087674",-3.46607541952207,1.40875622812739,-2.46037983741829,0.0138790039690314,0.0844062583485042,"ENSMUSG00000087674","4930447M23Rik","RIKEN cDNA 4930447M23 gene [Source:MGI Symbol;Acc:MGI:1918902]","2",19344317,19351050,1,"lincRNA"
"133","ENSMUSG00000087698",5.13229724771358,0.649227382023032,7.90523842620598,2.6742125117686e-15,1.03001751911621e-12,"ENSMUSG00000087698","Gm13031","predicted gene 13031 [Source:MGI Symbol;Acc:MGI:3702680]","4",140947666,140957902,-1,"antisense"
"134","ENSMUSG00000087703",-2.33833928599954,0.812372863982645,-2.87840644323822,0.00399689814936941,0.0360813735280965,"ENSMUSG00000087703","Gm15650","predicted gene 15650 [Source:MGI Symbol;Acc:MGI:3783094]","5",35722555,35724485,1,"antisense"
"135","ENSMUSG00000089635",3.26578081645004,0.660605808999254,4.94361504540407,7.6687060434784e-07,4.54419991448169e-05,"ENSMUSG00000089635","Gm16559","predicted gene 16559 [Source:MGI Symbol;Acc:MGI:4414979]","3",138281408,138307022,-1,"antisense"
"136","ENSMUSG00000089709",-3.97749471818557,1.4947201688984,-2.66102967026728,0.00779020921018078,0.0567923453776901,"ENSMUSG00000089709","Gm16262","predicted gene 16262 [Source:MGI Symbol;Acc:MGI:3826533]","9",94695704,94702319,-1,"antisense"
"137","ENSMUSG00000089710",6.04418479776888,2.01269241663932,3.00303451625316,0.00267302113073544,0.0268580514483896,"ENSMUSG00000089710","Gm15810","predicted gene 15810 [Source:MGI Symbol;Acc:MGI:3802042]","13",42782692,42788258,-1,"antisense"
"138","ENSMUSG00000089794",-4.34695165339025,1.28163134208775,-3.39173326263165,0.000694520169338492,0.0100314756958828,"ENSMUSG00000089794","Gm16337","predicted gene 16337 [Source:MGI Symbol;Acc:MGI:3840131]","3",9757607,9786142,1,"lincRNA"
"139","ENSMUSG00000089821",3.137507955907,1.23211304652267,2.54644487757177,0.0108826397440593,0.0715468215861047,"ENSMUSG00000089821","Efhd1os","EF hand domain containing 1, opposite strand [Source:MGI Symbol;Acc:MGI:4413444]","1",87264481,87265174,-1,"antisense"
"140","ENSMUSG00000089961",6.1146972010662,0.613111868435459,9.97321617125063,1.99656753911353e-23,1.53802252763045e-20,"ENSMUSG00000089961","Gm16567","predicted gene 16567 [Source:MGI Symbol;Acc:MGI:4414987]","6",124530911,124542310,1,"antisense"
"141","ENSMUSG00000090009",-3.20881633800902,1.01953021386376,-3.147347959261,0.00164758766190476,0.0192619649793365,"ENSMUSG00000090009","Gm16282","predicted gene 16282 [Source:MGI Symbol;Acc:MGI:3826590]","7",29138440,29140312,-1,"antisense"
"142","ENSMUSG00000090039",-3.11513835135266,0.871543670204793,-3.57427683528545,0.000351197203032506,0.00610238147524903,"ENSMUSG00000090039","Gm15894","predicted gene 15894 [Source:MGI Symbol;Acc:MGI:3801859]","8",110754992,110758970,1,"antisense"
"143","ENSMUSG00000090054",-2.47169113485015,0.374621219496022,-6.59784071541733,4.17189125775169e-11,8.03436724722014e-09,"ENSMUSG00000090054","Gm15629","predicted gene 15629 [Source:MGI Symbol;Acc:MGI:3783073]","14",75197073,75199271,-1,"antisense"
"144","ENSMUSG00000090174",-3.3484352663074,0.942476871771255,-3.55280364600828,0.000381148849490286,0.00652470363831149,"ENSMUSG00000090174","Gm10612","predicted gene 10612 [Source:MGI Symbol;Acc:MGI:3708796]","8",122697860,122700160,1,"antisense"
"145","ENSMUSG00000090208",4.32977189509856,0.54374692618187,7.96284390148508,1.6812951144917e-15,7.77094601918065e-13,"ENSMUSG00000090208","Gm15851","predicted gene 15851 [Source:MGI Symbol;Acc:MGI:3801734]","1",133906531,133914822,1,"antisense"
"146","ENSMUSG00000090214",4.1567648016659,1.2401100081505,3.35193230789687,0.000802496380013602,0.0109737818592393,"ENSMUSG00000090214","Gm15657","predicted gene 15657 [Source:MGI Symbol;Acc:MGI:3783100]","16",33770430,33796874,-1,"antisense"
"147","ENSMUSG00000090257",-3.56780054770929,0.944378710571135,-3.77793411453714,0.000158134698602891,0.00335274576579156,"ENSMUSG00000090257","Gm4524","predicted gene 4524 [Source:MGI Symbol;Acc:MGI:3782709]","16",25956475,25960342,1,"antisense"
"148","ENSMUSG00000090263",-7.813668457512,1.23692683009106,-6.31700135159714,2.66687251121543e-10,3.85196398338678e-08,"ENSMUSG00000090263","D730045A05Rik","RIKEN cDNA D730045A05 gene [Source:MGI Symbol;Acc:MGI:1925105]","18",74017907,74020088,1,"lincRNA"
"149","ENSMUSG00000090708",3.90530657984445,0.81579434329378,4.78712142582005,1.69190477495624e-06,8.88634530664519e-05,"ENSMUSG00000090708","Gm17196","predicted gene 17196 [Source:MGI Symbol;Acc:MGI:4938023]","10",41553762,41556552,1,"antisense"
"150","ENSMUSG00000091393",-2.55602445188422,1.07291766639867,-2.38231183242952,0.0172043219636916,0.0986842320291354,"ENSMUSG00000091393","5330438I03Rik","RIKEN cDNA 5330438I03 gene [Source:MGI Symbol;Acc:MGI:2685831]","1",166306741,166309585,-1,"antisense"
"151","ENSMUSG00000091412",-2.04772070137533,0.602378346998147,-3.39939294229252,0.000675356132538814,0.00991402937312631,"ENSMUSG00000091412","Gm2895","predicted gene 2895 [Source:MGI Symbol;Acc:MGI:3781073]","15",66969323,67013039,1,"bidirectional_promoter_lncRNA"
"152","ENSMUSG00000091423",-5.72991626355648,0.454385010266446,-12.610266919229,1.85364163594906e-36,4.28376582067829e-33,"ENSMUSG00000091423","Gm17509","predicted gene, 17509 [Source:MGI Symbol;Acc:MGI:4937143]","13",117218701,117221075,-1,"antisense"
"153","ENSMUSG00000091479",-2.88282273046182,0.627190684322514,-4.59640553107995,4.29841723754691e-06,0.000171269693723636,"ENSMUSG00000091479","Gm17035","predicted gene 17035 [Source:MGI Symbol;Acc:MGI:4937862]","15",66929607,66931107,1,"antisense"
"154","ENSMUSG00000091709",3.34157473242971,0.697716720933261,4.78930005856825,1.67364062743671e-06,8.88634530664519e-05,"ENSMUSG00000091709","Gm17189","predicted gene 17189 [Source:MGI Symbol;Acc:MGI:4938016]","15",74784065,74800640,1,"antisense"
"155","ENSMUSG00000092283",3.06605946237262,0.393285143264095,7.79602157591224,6.38894678497152e-15,1.84560700250865e-12,"ENSMUSG00000092283","Gm20412","predicted gene 20412 [Source:MGI Symbol;Acc:MGI:5141877]","2",158117154,158117905,1,"processed_transcript"
"156","ENSMUSG00000092415",-4.74371934202135,1.34142689242234,-3.53632342457006,0.000405737633844731,0.00679463530300851,"ENSMUSG00000092415","Gm20513","predicted gene 20513 [Source:MGI Symbol;Acc:MGI:5141978]","17",34293073,34308070,-1,"antisense"
"157","ENSMUSG00000092483",-5.77115069170986,1.34291630740824,-4.29747606747577,1.72753905921229e-05,0.000539505779167514,"ENSMUSG00000092483","Gm20421","predicted gene 20421 [Source:MGI Symbol;Acc:MGI:5141886]","4",154960770,154961678,-1,"processed_transcript"
"158","ENSMUSG00000093650",3.84472984668243,1.35579103233893,2.83578350569979,0.00457134221435185,0.0398655541787439,"ENSMUSG00000093650","Gm20631","predicted gene 20631 [Source:MGI Symbol;Acc:MGI:5313078]","1",150625266,150783499,1,"antisense"
"159","ENSMUSG00000093656",-2.1794488715919,0.4120874046427,-5.28880244102968,1.23119780859222e-07,9.15427716409958e-06,"ENSMUSG00000093656","Gm20628","predicted gene 20628 [Source:MGI Symbol;Acc:MGI:5313075]","3",96267075,96270289,-1,"antisense"
"160","ENSMUSG00000093721",5.50710466025871,1.37319489616,4.0104319318829,6.06077716387796e-05,0.00162865767740953,"ENSMUSG00000093721","Gm3896","predicted gene 3896 [Source:MGI Symbol;Acc:MGI:3782069]","9",37015758,37020671,1,"antisense"
"161","ENSMUSG00000096950",-5.0201760977903,1.53321417585335,-3.27428233892775,0.0010593071219794,0.0137531390949123,"ENSMUSG00000096950","Gm9530","predicted gene 9530 [Source:MGI Symbol;Acc:MGI:3779939]","1",155063447,155083266,-1,"lincRNA"
"162","ENSMUSG00000096960",3.68116812896445,1.33921892163584,2.74874262116006,0.00598243415239025,0.047572051922985,"ENSMUSG00000096960","A230028O05Rik","RIKEN cDNA A230028O05 gene [Source:MGI Symbol;Acc:MGI:2442126]","16",25059639,25069058,1,"lincRNA"
"163","ENSMUSG00000097002",2.78002209723235,0.964991725394546,2.88087661694271,0.00396570849081456,0.035963941617527,"ENSMUSG00000097002","Gm2670","predicted gene 2670 [Source:MGI Symbol;Acc:MGI:3780839]","14",28508074,28511392,-1,"antisense"
"164","ENSMUSG00000097074",4.10920871333068,1.3280477794657,3.09417234595573,0.00197362800442754,0.0214134005550801,"ENSMUSG00000097074","4833428L15Rik","RIKEN cDNA 4833428L15 gene [Source:MGI Symbol;Acc:MGI:1921852]","9",45416626,45431730,-1,"antisense"
"165","ENSMUSG00000097081",2.9321772241085,0.614532161252135,4.77139751015482,1.82952068012036e-06,8.99579211012374e-05,"ENSMUSG00000097081","Gm10425","predicted gene 10425 [Source:MGI Symbol;Acc:MGI:3642471]","12",111426874,111430946,-1,"antisense"
"166","ENSMUSG00000097085",-3.56152613753674,0.816921052575197,-4.35969439924417,1.30244205416217e-05,0.000423935716502646,"ENSMUSG00000097085","Gm26634","predicted gene, 26634 [Source:MGI Symbol;Acc:MGI:5477128]","15",78862956,78868533,-1,"lincRNA"
"167","ENSMUSG00000097120",-3.0080200418791,1.08828158704075,-2.76400894556941,0.00570959739796261,0.0464608436151112,"ENSMUSG00000097120","Gm26887","predicted gene, 26887 [Source:MGI Symbol;Acc:MGI:5477381]","8",84192774,84197667,-1,"lincRNA"
"168","ENSMUSG00000097216",3.51066346298798,0.958142594959267,3.66403026173492,0.000248277432348742,0.00474189376990035,"ENSMUSG00000097216","4932441J04Rik","RIKEN cDNA 4932441J04 gene [Source:MGI Symbol;Acc:MGI:2441691]","5",57570082,57720201,-1,"processed_transcript"
"169","ENSMUSG00000097224",-2.75924364803206,0.62769881722771,-4.39580826393543,1.10361319414281e-05,0.000375066189950592,"ENSMUSG00000097224","Gm26716","predicted gene, 26716 [Source:MGI Symbol;Acc:MGI:5477210]","4",130824394,130826313,-1,"antisense"
"170","ENSMUSG00000097228",-3.86666618904781,1.33274283003935,-2.90128455535091,0.00371636233917335,0.0347713091733993,"ENSMUSG00000097228","Gm26597","predicted gene, 26597 [Source:MGI Symbol;Acc:MGI:5477091]","5",147399554,147401917,1,"antisense"
"171","ENSMUSG00000097321",-2.61174744272084,0.967873000132286,-2.69844023168729,0.00696652462958479,0.0527034776077973,"ENSMUSG00000097321","1700028E10Rik","RIKEN cDNA 1700028E10 gene [Source:MGI Symbol;Acc:MGI:1916713]","5",151368675,151432118,1,"processed_transcript"
"172","ENSMUSG00000097357",-2.78138867173503,0.86922029409574,-3.19986623716435,0.00137491381714913,0.0169012012310194,"ENSMUSG00000097357","Gm16793","predicted gene, 16793 [Source:MGI Symbol;Acc:MGI:4439717]","8",35582503,35588972,-1,"bidirectional_promoter_lncRNA"
"173","ENSMUSG00000097399",-3.35768590438137,0.947368377566714,-3.54422417286661,0.000393770283765613,0.00666176748802379,"ENSMUSG00000097399","Gm26555","predicted gene, 26555 [Source:MGI Symbol;Acc:MGI:5477049]","13",58281183,58299145,1,"antisense"
"174","ENSMUSG00000097456",2.98648443759627,1.08959653122734,2.74090854000081,0.00612695597191304,0.0481612083370443,"ENSMUSG00000097456","Gm16958","predicted gene, 16958 [Source:MGI Symbol;Acc:MGI:4439882]","3",127161304,127168288,1,"antisense"
"175","ENSMUSG00000097471",-3.06467199547559,0.805521813257941,-3.80457977057194,0.000142045131651438,0.00306790933875209,"ENSMUSG00000097471","5830432E09Rik","RIKEN cDNA 5830432E09 gene [Source:MGI Symbol;Acc:MGI:1915015]","7",135635931,135652314,-1,"antisense"
"176","ENSMUSG00000097652",4.65990255443088,1.36173625645816,3.42203017091664,0.000621554160735847,0.00949746118081411,"ENSMUSG00000097652","Mhrt","myosin heavy chain associated RNA transcript [Source:MGI Symbol;Acc:MGI:3642848]","14",54968678,54974349,1,"antisense"
"177","ENSMUSG00000097762",-2.10188317180572,0.774020810881931,-2.71553831919687,0.00661681186324815,0.050466838996589,"ENSMUSG00000097762","4732463B04Rik","RIKEN cDNA 4732463B04 gene [Source:MGI Symbol;Acc:MGI:3642483]","12",84039469,84053807,-1,"antisense"
"178","ENSMUSG00000097852",4.80941600333979,2.0076821699783,2.39550665700825,0.0165974128457186,0.0968601542587262,"ENSMUSG00000097852","4933405D12Rik","RIKEN cDNA 4933405D12 gene [Source:MGI Symbol;Acc:MGI:1921307]","3",122864737,122924116,-1,"antisense"
"179","ENSMUSG00000097899",-4.33622734054368,1.24019527039292,-3.49640693208728,0.000471568959233609,0.00772904868644589,"ENSMUSG00000097899","Gm16894","predicted gene, 16894 [Source:MGI Symbol;Acc:MGI:4439818]","1",40076228,40085851,-1,"antisense"
"180","ENSMUSG00000097915",-3.42930572758976,1.17188610274264,-2.92631316265628,0.00343005467420543,0.0331667629794508,"ENSMUSG00000097915","A330009N23Rik","RIKEN cDNA A330009N23 gene [Source:MGI Symbol;Acc:MGI:2443491]","15",101221195,101225186,-1,"antisense"
"181","ENSMUSG00000097976",-2.63674923441046,0.702032536750227,-3.75587896056244,0.000172734166960903,0.00353264300749245,"ENSMUSG00000097976","Gm26918","predicted gene, 26918 [Source:MGI Symbol;Acc:MGI:5504033]","5",14520673,14539852,-1,"antisense"
"182","ENSMUSG00000097988",-5.26779766753894,0.734551187504431,-7.1714507540799,7.42071314567098e-13,1.90547423107174e-10,"ENSMUSG00000097988","Gm10535","predicted gene 10535 [Source:MGI Symbol;Acc:MGI:3642442]","1",135108961,135113378,1,"antisense"
"183","ENSMUSG00000098145",-4.58638332149778,1.40699063391445,-3.25971133776335,0.00111525657501576,0.0141613073893484,"ENSMUSG00000098145","Gm26936","predicted gene, 26936 [Source:MGI Symbol;Acc:MGI:5504051]","1",137928389,137969240,-1,"lincRNA"
"184","ENSMUSG00000098197",-4.0681673845047,1.2052120712043,-3.37547845869118,0.00073687460424712,0.0104473448491724,"ENSMUSG00000098197","BC051537","cDNA sequence BC051537 [Source:MGI Symbol;Acc:MGI:3041255]","17",34083843,34095309,-1,"antisense"
"185","ENSMUSG00000098843",2.70037708178396,0.845235992981396,3.1948202681939,0.00139917945997022,0.0170751018940753,"ENSMUSG00000098843","Gm27240","predicted gene 27240 [Source:MGI Symbol;Acc:MGI:5521083]","9",32709652,32711171,-1,"antisense"
"186","ENSMUSG00000099470",-2.5499725564058,1.04520577080584,-2.43968472776398,0.0147000847742736,0.08752782674833,"ENSMUSG00000099470","Gm29340","predicted gene 29340 [Source:MGI Symbol;Acc:MGI:5580046]","2",116972575,116976428,-1,"lincRNA"
"187","ENSMUSG00000099568",-3.79025569165628,1.14484102796199,-3.31072664158758,0.000930540626747876,0.01235907694491,"ENSMUSG00000099568","Gm28513","predicted gene 28513 [Source:MGI Symbol;Acc:MGI:5579219]","1",153743552,153749324,-1,"antisense"
"188","ENSMUSG00000099605",-6.31426214993233,1.69102887342225,-3.73397654479649,0.000188480054854275,0.0037549776445537,"ENSMUSG00000099605","1700066N21Rik","RIKEN cDNA 1700066N21 gene [Source:MGI Symbol;Acc:MGI:1920721]","5",87908579,87979351,-1,"antisense"
"189","ENSMUSG00000099930",-4.91836310098365,1.89854141396277,-2.59060090278342,0.00958085298303626,0.0651216213052847,"ENSMUSG00000099930","Gm2396","predicted gene 2396 [Source:MGI Symbol;Acc:MGI:3780564]","9",88878994,88937342,-1,"processed_transcript"
"190","ENSMUSG00000100017",-3.93776794360095,1.08414010525735,-3.63215780368739,0.000281061152329042,0.00519625858425934,"ENSMUSG00000100017","2410022M11Rik","RIKEN cDNA 2410022M11 gene [Source:MGI Symbol;Acc:MGI:1917005]","14",56811989,56813899,1,"bidirectional_promoter_lncRNA"
"191","ENSMUSG00000100247",3.92693431688956,1.40820612978821,2.78860760070698,0.00529351596454764,0.0439909824073135,"ENSMUSG00000100247","A530053M12Rik","RIKEN cDNA A530053M12 gene [Source:MGI Symbol;Acc:MGI:3045369]","1",106400178,106401987,-1,"lincRNA"
"192","ENSMUSG00000100502",3.50380240563607,1.43359301145489,2.44407051209061,0.014522587860051,0.0868197010439008,"ENSMUSG00000100502","Gm28286","predicted gene 28286 [Source:MGI Symbol;Acc:MGI:5578992]","1",154027363,154034301,-1,"lincRNA"
"193","ENSMUSG00000100627",3.74421950356628,0.568876704598886,6.58177681261587,4.64859046723982e-11,8.26376351522402e-09,"ENSMUSG00000100627","A830008E24Rik","RIKEN cDNA A830008E24 gene [Source:MGI Symbol;Acc:MGI:3041183]","1",154037597,154117951,-1,"lincRNA"
"194","ENSMUSG00000100783",4.67882778230501,1.79191904178654,2.61107096537143,0.00902591617782507,0.0628279888161257,"ENSMUSG00000100783","2310047D07Rik","RIKEN cDNA 2310047D07 gene [Source:MGI Symbol;Acc:MGI:1916907]","5",149231332,149237984,1,"lincRNA"
"195","ENSMUSG00000100811",3.51235563843173,1.44988861895998,2.42250031657686,0.0154141123352087,0.0908724836904777,"ENSMUSG00000100811","Gm29083","predicted gene 29083 [Source:MGI Symbol;Acc:MGI:5579789]","1",62714723,62718073,-1,"antisense"
"196","ENSMUSG00000100945",-7.429087503966,3.12797588418422,-2.37504628521249,0.0175467497374624,0.099632773079301,"ENSMUSG00000100945","Gm29529","predicted gene 29529 [Source:MGI Symbol;Acc:MGI:5580235]","1",153690391,153692656,-1,"antisense"
"197","ENSMUSG00000100954",-2.64003945627162,0.326903394115055,-8.07590102702466,6.69801938980434e-16,3.86978070245946e-13,"ENSMUSG00000100954","Gm10138","predicted gene 10138 [Source:MGI Symbol;Acc:MGI:3708522]","1",151339604,151345231,-1,"antisense"
"198","ENSMUSG00000101223",-3.24319315766442,1.11849731034319,-2.89959853070125,0.00373640890205547,0.0348179071477831,"ENSMUSG00000101223","4930568A12Rik","RIKEN cDNA 4930568A12 gene [Source:MGI Symbol;Acc:MGI:1923133]","1",34477167,34485933,-1,"lincRNA"
"199","ENSMUSG00000101295",2.08101545242743,0.705514398906195,2.94964277930226,0.00318141534678267,0.0310221555544926,"ENSMUSG00000101295","Gm28180","predicted gene 28180 [Source:MGI Symbol;Acc:MGI:5578886]","11",74992773,74993494,-1,"antisense"
"200","ENSMUSG00000101304",-2.23548610926782,0.510358205970374,-4.38022957819862,1.18554336878701e-05,0.000391398675038112,"ENSMUSG00000101304","Plet1os","placenta expressed transcript 1, opposite strand [Source:MGI Symbol;Acc:MGI:1916881]","9",50488795,50507823,-1,"antisense"
"201","ENSMUSG00000101445",-6.59491750184177,1.15970562130047,-5.6867168535808,1.29504909331377e-08,1.30124280636875e-06,"ENSMUSG00000101445","Gm28932","predicted gene 28932 [Source:MGI Symbol;Acc:MGI:5579638]","14",123979210,123980619,1,"antisense"
"202","ENSMUSG00000101640",-4.07825647358919,1.65185551308366,-2.46889418674153,0.0135531288136077,0.0833012784261897,"ENSMUSG00000101640","Gm28376","predicted gene 28376 [Source:MGI Symbol;Acc:MGI:5579082]","1",16898185,17091631,1,"antisense"
"203","ENSMUSG00000101801",3.23674214090356,1.11842319274802,2.89402272940239,0.00380340628953715,0.0350615932778426,"ENSMUSG00000101801","1700020G17Rik","RIKEN cDNA 1700020G17 gene [Source:MGI Symbol;Acc:MGI:1922880]","10",110784585,110896550,-1,"antisense"
"204","ENSMUSG00000102060",4.3779225305509,1.50259758017003,2.91356953340461,0.00357322250642471,0.0338431033292931,"ENSMUSG00000102060","1700061E17Rik","RIKEN cDNA 1700061E17 gene [Source:MGI Symbol;Acc:MGI:3642196]","9",110986201,110987804,1,"antisense"
"205","ENSMUSG00000102191",3.33778200135169,1.14429115326369,2.9168992452942,0.00353529952120072,0.0336217168456579,"ENSMUSG00000102191","Gm36569","predicted gene, 36569 [Source:MGI Symbol;Acc:MGI:5595728]","3",79859293,79886806,-1,"antisense"
"206","ENSMUSG00000102564",-4.91324309776617,1.03332874507837,-4.75477249729806,1.98670009557155e-06,9.36992636911399e-05,"ENSMUSG00000102564","Gm37035","predicted gene, 37035 [Source:MGI Symbol;Acc:MGI:5610263]","3",61001639,61003786,-1,"antisense"
"207","ENSMUSG00000102634",-4.71348036282885,1.79398135962626,-2.62738536135672,0.00860438289496533,0.060809568410596,"ENSMUSG00000102634","Gm38225","predicted gene, 38225 [Source:MGI Symbol;Acc:MGI:5611453]","18",36952651,36953043,-1,"antisense"
"208","ENSMUSG00000102717",-2.56707337942938,0.934817732498575,-2.74606834058242,0.00603141982407382,0.047572051922985,"ENSMUSG00000102717","Gm37759","predicted gene, 37759 [Source:MGI Symbol;Acc:MGI:5610987]","1",136116577,136119822,-1,"antisense"
"209","ENSMUSG00000102778",-3.98680374947394,1.4381773239126,-2.77212252146191,0.00556920702194754,0.0456398490344708,"ENSMUSG00000102778","Gm38165","predicted gene, 38165 [Source:MGI Symbol;Acc:MGI:5611393]","18",61691046,61692384,-1,"antisense"
"210","ENSMUSG00000102840",-3.2228718411483,0.674236424086963,-4.78003223500221,1.75267090640821e-06,8.99579211012374e-05,"ENSMUSG00000102840","Gm38037","predicted gene, 38037 [Source:MGI Symbol;Acc:MGI:5611265]","1",191820370,191821993,-1,"antisense"
"211","ENSMUSG00000103103",-5.25954049738808,1.22210690664146,-4.30366645406015,1.67994523546411e-05,0.00053182923824076,"ENSMUSG00000103103","4833445I07Rik","RIKEN cDNA 4833445I07 gene [Source:MGI Symbol;Acc:MGI:2143268]","9",108567533,108569174,1,"lincRNA"
"212","ENSMUSG00000103288",-7.6012480158177,1.30903369033084,-5.80676270745682,6.36923034862441e-09,7.00918635031953e-07,"ENSMUSG00000103288","Gm37273","predicted gene, 37273 [Source:MGI Symbol;Acc:MGI:5610501]","1",162983014,163066682,1,"antisense"
"213","ENSMUSG00000104354",-4.44826268458978,1.26700738219337,-3.51084196280626,0.00044668987091485,0.00737357351203013,"ENSMUSG00000104354","Gm37126","predicted gene, 37126 [Source:MGI Symbol;Acc:MGI:5610354]","2",13672516,13674434,1,"antisense"
"214","ENSMUSG00000104441",-5.02220297617393,1.62526435655306,-3.09008374909868,0.00200100063973022,0.0214232450100529,"ENSMUSG00000104441","Gm35801","predicted gene, 35801 [Source:MGI Symbol;Acc:MGI:5594960]","1",40572188,40580662,-1,"antisense"
"215","ENSMUSG00000104894",7.01067088013118,1.1422365508449,6.13766988540637,8.37406479370912e-10,1.01855072306641e-07,"ENSMUSG00000104894","Gm43507","predicted gene 43507 [Source:MGI Symbol;Acc:MGI:5663644]","5",44641484,44662153,1,"antisense"
"216","ENSMUSG00000104932",5.4348453060344,1.36270252169892,3.98828447111012,6.65528291489947e-05,0.00169879653622016,"ENSMUSG00000104932","Gm40323","predicted gene, 40323 [Source:MGI Symbol;Acc:MGI:5623208]","5",125361175,125370760,1,"lincRNA"
"217","ENSMUSG00000105324",-7.02404924180769,2.0583901612421,-3.41239934686103,0.000643937023933313,0.00956575390378422,"ENSMUSG00000105324","Gm42705","predicted gene 42705 [Source:MGI Symbol;Acc:MGI:5662842]","3",143743377,143827012,1,"lincRNA"
"218","ENSMUSG00000105430",3.61616829646138,1.32958923147223,2.71976352610594,0.00653286167383808,0.0503928793248108,"ENSMUSG00000105430","Gm43301","predicted gene 43301 [Source:MGI Symbol;Acc:MGI:5663438]","5",122581469,122584853,1,"antisense"
"219","ENSMUSG00000105698",2.54765266982497,1.0054518371202,2.53383859451877,0.0112820684751043,0.0732383714774325,"ENSMUSG00000105698","Gm31881","predicted gene, 31881 [Source:MGI Symbol;Acc:MGI:5591040]","3",152106439,152107383,1,"antisense"
"220","ENSMUSG00000105703",-2.51057153535729,0.757668280103582,-3.31354974371379,0.000921197192671997,0.012305703539104,"ENSMUSG00000105703","Gm43305","predicted gene 43305 [Source:MGI Symbol;Acc:MGI:5663442]","14",54292443,54297456,-1,"processed_transcript"
"221","ENSMUSG00000105888",-5.68886924326965,2.14047742561524,-2.65775717846429,0.0078662546958673,0.0570509028884673,"ENSMUSG00000105888","BC037156","cDNA sequence BC037156 [Source:MGI Symbol;Acc:MGI:3512757]","5",87908779,87914171,1,"lincRNA"
"222","ENSMUSG00000105945",-3.06245945891613,0.885419354884691,-3.45876724065395,0.000542653636603876,0.0087697381411997,"ENSMUSG00000105945","Gm43570","predicted gene 43570 [Source:MGI Symbol;Acc:MGI:5663707]","3",59002471,59006158,-1,"antisense"
"223","ENSMUSG00000106108",2.86792061126444,0.753731032971578,3.80496554580974,0.000141823930730274,0.00306790933875209,"ENSMUSG00000106108","Gm43221","predicted gene 43221 [Source:MGI Symbol;Acc:MGI:5663358]","3",109000024,109002094,1,"antisense"
"224","ENSMUSG00000106120",-2.94374434985055,0.81882886422756,-3.59506665978064,0.000324308527651307,0.00580989928218736,"ENSMUSG00000106120","Gm42697","predicted gene 42697 [Source:MGI Symbol;Acc:MGI:5662834]","3",129728845,129740188,1,"antisense"
"225","ENSMUSG00000106155",-3.99655535916989,1.30432282224835,-3.06408451266748,0.00218337221271404,0.022994616490713,"ENSMUSG00000106155","Gm43495","predicted gene 43495 [Source:MGI Symbol;Acc:MGI:5663632]","5",137870754,137871209,1,"antisense"
"226","ENSMUSG00000106219",-4.58259246392964,1.87509494999864,-2.44392555370755,0.0145284241315278,0.0868197010439008,"ENSMUSG00000106219","5830416I19Rik","RIKEN cDNA 5830416I19 gene [Source:MGI Symbol;Acc:MGI:1922007]","5",64044978,64050228,1,"lincRNA"
"227","ENSMUSG00000106478",-3.74048558908878,1.39018879635214,-2.69063137244655,0.00713169494029412,0.0530546168271042,"ENSMUSG00000106478","Gm36551","predicted gene, 36551 [Source:MGI Symbol;Acc:MGI:5595710]","5",137857045,137860318,1,"antisense"
"228","ENSMUSG00000106524",-6.25456879284499,2.11109128877176,-2.96271829935119,0.00304935497914738,0.0299874866247217,"ENSMUSG00000106524","Gm42706","predicted gene 42706 [Source:MGI Symbol;Acc:MGI:5662843]","3",143770539,143772448,1,"lincRNA"
"229","ENSMUSG00000106567",-4.34350363236544,1.14478259293857,-3.79417337331798,0.000148136142895782,0.00316983913177919,"ENSMUSG00000106567","2010309G21Rik","RIKEN cDNA 2010309G21 gene [Source:MGI Symbol;Acc:MGI:1917268]","16",19051367,19106749,1,"antisense"
"230","ENSMUSG00000107078",-6.83269971345373,1.54418727375349,-4.42478696048655,9.65375027896289e-06,0.000348590888979426,"ENSMUSG00000107078","Gm36840","predicted gene, 36840 [Source:MGI Symbol;Acc:MGI:5595999]","5",32320764,32354883,-1,"antisense"
"231","ENSMUSG00000107317",-3.3521606988057,0.840951695383601,-3.98615130596366,6.71536973708036e-05,0.00169879653622016,"ENSMUSG00000107317","Gm19719","predicted gene, 19719 [Source:MGI Symbol;Acc:MGI:5011904]","5",149282752,149287868,-1,"antisense"
"232","ENSMUSG00000107379",2.48973231491318,1.03231600357184,2.41179280985535,0.0158742995355349,0.0933473440880945,"ENSMUSG00000107379","Gm43126","predicted gene 43126 [Source:MGI Symbol;Acc:MGI:5663263]","6",127122966,127126155,1,"antisense"
